{
    "total_tasks": 99,
    "total_exact_match_tasks": 11,
    "exact_match_percentage": 0.1111111111111111,
    "average_prefix_match": 0.1526950666081101,
    "total_correct_actions": 236,
    "total_actions": 1578,
    "macro_average_precision": 0.15646611037915387,
    "micro_average_precision": 0.14955640050697086,
    "task_achieved": 14,
    "total_tasks_completed": 11,
    "task_completion_percentage": 0.1111111111111111,
    "task_not_done_but_end": 0
}