{
    "total_tasks": 150,
    "total_exact_match_tasks": 64,
    "exact_match_percentage": 0.4266666666666667,
    "average_prefix_match": 0.5666666666666667,
    "total_correct_actions": 85,
    "total_actions": 150,
    "macro_average_precision": 0.5666666666666667,
    "micro_average_precision": 0.5666666666666667,
    "task_achieved": 85,
    "total_tasks_completed": 77,
    "task_completion_percentage": 0.5133333333333333,
    "task_not_done_but_end": 1
}